{"cameraMode":{"drawMode":0,"name":"Shaded","section":"Shading Mode"},"sceneLighting":false,"audioPlay":false,"sceneViewState":{"m_AlwaysRefresh":false,"showFog":true,"showSkybox":false,"showFlares":true,"showImageEffects":true,"showParticleSystems":true,"showVisualEffectGraphs":true,"m_FxEnabled":true},"in2DMode":false,"pivot":{"x":0.03717541694641113,"y":0.09373462200164795,"z":0.027770178392529489},"rotation":{"x":-0.15295524895191194,"y":0.7215519547462463,"z":-0.16880512237548829,"w":-0.6538306474685669},"size":1.3669204711914063,"orthographic":false}