{"cameraMode":{"drawMode":0,"name":"Shaded","section":"Shading Mode"},"sceneLighting":false,"audioPlay":false,"sceneViewState":{"m_AlwaysRefresh":false,"showFog":true,"showSkybox":false,"showFlares":true,"showImageEffects":true,"showParticleSystems":true,"showVisualEffectGraphs":true,"m_FxEnabled":true},"in2DMode":false,"pivot":{"x":0.12562847137451173,"y":1.0102558135986329,"z":0.5641403198242188},"rotation":{"x":-0.00044420958147384226,"y":-0.9707867503166199,"z":0.0017550073098391295,"w":-0.24003280699253083},"size":7.966203689575195,"orthographic":false}