{"cameraMode":{"drawMode":0,"name":"Shaded","section":"Shading Mode"},"sceneLighting":true,"audioPlay":false,"sceneViewState":{"m_AlwaysRefresh":false,"showFog":true,"showSkybox":true,"showFlares":true,"showImageEffects":true,"showParticleSystems":true,"showVisualEffectGraphs":true,"m_FxEnabled":true},"in2DMode":false,"pivot":{"x":-2.082296848297119,"y":10.043254852294922,"z":0.5652211904525757},"rotation":{"x":-0.09814001619815827,"y":0.5852594971656799,"z":-0.07164454460144043,"w":-0.8016923666000366},"size":28.393972396850587,"orthographic":false}