{"cameraMode":{"drawMode":0,"name":"Shaded","section":"Shading Mode"},"sceneLighting":true,"audioPlay":false,"sceneViewState":{"m_AlwaysRefresh":false,"showFog":true,"showSkybox":true,"showFlares":true,"showImageEffects":true,"showParticleSystems":true,"showVisualEffectGraphs":true,"m_FxEnabled":true},"in2DMode":false,"pivot":{"x":-0.23195940256118775,"y":1.3640153408050538,"z":-0.9303387999534607},"rotation":{"x":-0.09717010706663132,"y":0.762390673160553,"z":-0.11780622601509094,"w":-0.628842830657959},"size":0.7025408744812012,"orthographic":false}