{"cameraMode":{"drawMode":0,"name":"Shaded","section":"Shading Mode"},"sceneLighting":true,"audioPlay":false,"sceneViewState":{"m_AlwaysRefresh":false,"showFog":true,"showSkybox":true,"showFlares":true,"showImageEffects":true,"showParticleSystems":true,"showVisualEffectGraphs":true,"m_FxEnabled":true},"in2DMode":false,"pivot":{"x":0.024838924407958986,"y":0.27201366424560549,"z":-0.8195940256118774},"rotation":{"x":-0.08314870297908783,"y":0.7639013528823853,"z":-0.10049942135810852,"w":-0.632016658782959},"size":2.970207452774048,"orthographic":false}